token_count,rank_host,rank_country,ASNno,sec_sen_word_cnt,avg_token_length,No_of_dots,malicious,Length_of_url,avg_path_token,IPaddress_presence,Length_of_host,safebrowsing,URL,host,avg_domain_token_length,path_token_count,path,largest_domain,domain_token_count,largest_path,largest_token
8,-1,-1,53243,0,3.875,3,1,41,2.666666667,0,22,1,http://www.sanrafaelsl.com.br/s/wu/2eae8/,www.sanrafaelsl.com.br,4.75,3,/s/wu/2eae8/,11,4,5,11
8,-1,-1,-1,0,4.25,4,1,44,3.333333333,0,23,0,http://www.segmobonline.com.br/seguro/1.php?,www.segmobonline.com.br,5,3,/seguro/1.php,12,4,6,12
7,-1,-1,-1,0,8.714285714,6,1,73,10.5,0,39,0,http://www.service-kundensicherheitscenter.com/az_script/signin_assoc....,www.service-kundensicherheitscenter.com,9,2,/az_script/signin_assoc....,23,4,12,23
9,-1,-1,28299,0,6.666666667,6,1,73,6.5,0,33,1,http://www.sfssegurancadotrabalho.com.br/wp-admin/usbankaccount/83ac45...,www.sfssegurancadotrabalho.com.br,7.5,4,/wp-admin/usbankaccount/83ac45...,22,4,13,22
10,-1,-1,20013,0,5.7,6,1,71,5.5,0,22,1,http://www.shilpachemspec.com/3/BusinessDocs/Secured/Login/index.php...,www.shilpachemspec.com,6.666666667,6,/3/BusinessDocs/Secured/Login/index.php...,14,3,12,14
8,-1,-1,-1,0,7.625,6,1,73,7.333333333,0,38,1,http://www.sicherheitscenter-kundenbreich.com/az_script/signin_assoc.h...,www.sicherheitscenter-kundenbreich.com,8.75,3,/az_script/signin_assoc.h...,17,4,12,17
6,-1,-1,34695,0,10.5,5,0,73,17.5,0,26,0,http://www.sitemkacincisirada.com/adobeCom/185e72afcfba726c89bb2851cc0...,www.sitemkacincisirada.com,8,2,/adobeCom/185e72afcfba726c89bb2851cc0...,18,3,27,27
8,-1,-1,-1,0,7.625,5,1,73,11.25,0,14,1,http://www.sokkar.net/olas/driveup/a6b23c1e5cd7e51f9747abc3c95ca376/lo...,www.sokkar.net,4,4,/olas/driveup/a6b23c1e5cd7e51f9747abc3c95ca376/lo...,6,3,32,32
9,18339664,-1,26496,0,6.555555556,6,1,73,5,0,32,1,http://www.solihullsalesandlettings.com/js/flash/office/mailer-daemon....,www.solihullsalesandlettings.com,10,5,/js/flash/office/mailer-daemon....,24,3,6,24
7,10007340,-1,-1,0,4.428571429,2,1,40,4.333333333,0,16,1,http://www.solutino.com/image/images/CH/,www.solutino.com,4.666666667,3,/image/images/CH/,8,3,6,8
5,17870187,-1,13831,0,5,2,1,32,3,0,20,0,http://www.soundoceanmf.com/olb/,www.soundoceanmf.com,6,1,/olb/,12,3,3,12
7,4897504,-1,41828,0,8.571428571,5,1,73,17,0,25,0,http://www.spletna-vrtnarija.com/thumbs/-/ac1ba7c8dead5c1ff93cb37451a2...,www.spletna-vrtnarija.com,5.5,2,/thumbs/-/ac1ba7c8dead5c1ff93cb37451a2...,9,4,28,28
4,12394414,-1,46416,0,6.75,2,1,33,0,0,25,0,http://www.stockexchangebank.com/,www.stockexchangebank.com,7.666666667,0,/,17,3,0,17
9,-1,-1,5617,0,4.444444444,5,1,53,4,0,23,0,http://www.straz-wloszczowa.pl/language/pl-PL/5407...,www.straz-wloszczowa.pl,5,4,/language/pl-PL/5407...,10,4,8,10
10,8065699,-1,-1,2,5.9,5,1,73,6.5,0,18,1,http://www.stsgroupbd.com/aug/ee/secure/cmd-login=d3993414284beca7c9d2...,www.stsgroupbd.com,5.333333333,6,/aug/ee/secure/cmd-login=d3993414284beca7c9d2...,10,3,20,20
9,16303049,-1,59590,0,5.666666667,5,1,65,4.8,0,25,1,http://www.studiomodafirenze.com/wp-content/themes/page/742de/...,www.studiomodafirenze.com,7.666666667,5,/wp-content/themes/page/742de/...,17,3,7,17
9,-1,-1,8560,0,6.555555556,6,1,73,4.75,0,39,0,http://www.sustainableprocessimprovement.co.uk//wp-content/themes/twen...,www.sustainableprocessimprovement.co.uk,9,4,//wp-content/themes/twen...,29,4,7,29
10,17685085,-1,46015,0,5.9,6,1,73,7.8,0,19,1,http://www.trefound.edu.my/v1/includes/home/logon/a2c7ca7fe0f5e486c717...,www.trefound.edu.my,4,5,/v1/includes/home/logon/a2c7ca7fe0f5e486c717...,8,4,20,20
8,-1,-1,2901,0,6.125,7,1,61,5,0,27,0,http://www.upwarddogrescueblog.com/index.html/wachovia.php...,www.upwarddogrescueblog.com,8.333333333,4,/index.html/wachovia.php...,19,3,8,19
7,-1,-1,26496,0,3.571428571,4,0,33,3.5,0,17,1,http://www.veoolia.co.uk/cas.html,www.veoolia.co.uk,3.5,2,/cas.html,7,4,4,7
10,22862,9594,15083,0,4.9,5,1,65,6,0,16,0,http://www.vgchartz.com/gamedb/?name=monster%20h&publisher=&pl...,www.vgchartz.com,4.666666667,1,/gamedb/,8,3,6,9
9,11914,331,34419,0,4,7,0,49,4.25,0,18,0,http://www.vodafone.co.uk/contact-us/index.htm...,www.vodafone.co.uk,3.75,4,/contact-us/index.htm...,8,4,7,8
13,-1,-1,-1,0,4.307692308,8,1,73,5,0,39,1,http://www.walmart.com.br-web.de-namorados.com/b2w/eletronicos/tv/Smar...,www.walmart.com.br-web.de-namorados.com,4,4,/b2w/eletronicos/tv/Smar...,9,8,11,11
6,-1,-1,-1,0,5.333333333,3,1,39,6.5,0,17,1,http://www.warlocker.net/Telecomplus.us,www.warlocker.net,5,2,/Telecomplus.us,9,3,11,11
9,-1,-1,30186,0,6.666666667,5,1,73,6.6,0,25,1,http://www.watieshahproperty.com/wp-content/themes/ElegantEstate/cache...,www.watieshahproperty.com,7.666666667,5,/wp-content/themes/ElegantEstate/cache...,17,3,13,17
11,-1,-1,32475,0,4,7,1,59,4.2,0,23,1,http://www.we-are-cameroon.com/tmp/Alibaba.com/Login.htm...,www.we-are-cameroon.com,3.8,5,/tmp/Alibaba.com/Login.htm...,8,5,7,8
5,484030,-1,26496,0,3,2,1,22,5,0,8,0,http://www.x.co/linku/,www.x.co,2,1,/linku/,3,3,5,5
11,18473484,-1,18403,0,4,6,1,60,3.5,0,22,1,http://www.xulyracthai.edu.vn/wp-includes/pomo/mso/mso/i/...,www.xulyracthai.edu.vn,4.75,6,/wp-includes/pomo/mso/mso/i/...,11,4,8,11
10,-1,-1,20013,0,5.9,6,1,73,4.333333333,0,31,1,http://www.yourpracticalastrologer.com/docss/file/files/db/file.dropbo...,www.yourpracticalastrologer.com,9.666666667,6,/docss/file/files/db/file.dropbo...,23,3,6,23
11,4078929,-1,20811,0,3.909090909,6,1,58,5,0,14,0,http://www.zentral.it/tracking/link.php?click=94-2-1274...,www.zentral.it,4,3,/tracking/link.php,7,3,8,8
3,-1,-1,-1,0,4.333333333,1,1,18,0,0,10,0,http://www244.com/,www244.com,4.5,0,/,6,2,0,6
3,-1,-1,-1,0,4.333333333,1,1,18,0,0,10,0,http://www275.com/,www275.com,4.5,0,/,6,2,0,6
8,-1,-1,-1,0,7.5,6,1,73,0,0,23,1,http://wwww.id.verif-4pple.com/?appIdKey=e9bb45433046474f3a74799fd8ac0...,wwww.id.verif-4pple.com,3.8,0,/,5,5,0,29
4,484030,-1,26496,0,3,1,1,17,5,0,4,0,http://x.co/linku,x.co,1.5,1,/linku,2,2,5,5
9,10185088,-1,-1,1,5,6,1,58,7.25,0,15,0,http://xax.hub-web.com/proccesing-fbaccountss/login.php...,xax.hub-web.com,3,4,/proccesing-fbaccountss/login.php...,3,4,11,11
9,-1,-1,8560,0,6.555555556,4,1,73,10.75,0,16,1,http://xn--amzon-yqa.de/737206/p2dboes0ya7oz1c/tgumbaax1jrqs7w/8258271...,xn--amzon-yqa.de,3,4,/737206/p2dboes0ya7oz1c/tgumbaax1jrqs7w/8258271...,5,4,15,15
5,-1,-1,22611,0,5.8,1,1,36,6.5,0,13,1,http://yougeehup.com/billings/KE11Y/,yougeehup.com,6,2,/billings/KE11Y/,9,2,8,9
6,15122885,-1,-1,0,4.833333333,2,1,36,3.666666667,0,15,0,http://zadjelovich.com/usd/index.htm,zadjelovich.com,7,3,/usd/index.htm,11,2,5,11
10,-1,-1,-1,0,5.2,5,1,66,5.285714286,0,12,0,http://zamitech.com/wp-admin/includes/n3p5l/verify-details.html...,zamitech.com,5.5,7,/wp-admin/includes/n3p5l/verify-details.html...,8,2,8,8
4,117502,4961,7162,0,4,1,1,21,6,0,7,0,http://zip.net/bgtKPJ,zip.net,3,1,/bgtKPJ,3,2,6,6
4,117502,4961,7162,0,4,1,1,21,6,0,7,0,http://zip.net/bytHvY,zip.net,3,1,/bytHvY,3,2,6,6
6,-1,-1,-1,0,5,1,1,37,6,0,9,0,http://zoake.net/flash/modules/blende,zoake.net,4,3,/flash/modules/blende,5,2,7,7
8,-1,-1,-1,0,4.875,5,1,51,5.4,0,9,0,http://zoake.net/flash/modules/blende/extend.php...,zoake.net,4,5,/flash/modules/blende/extend.php...,5,2,7,7
9,-1,-1,9340,0,5.333333333,7,1,61,9.333333333,1,12,0,https://117.54.12.50/portaleTitolari/titolari.htmls?random...,117.54.12.50,2.25,3,/portaleTitolari/titolari.htmls,3,4,15,15
8,381959,-1,8075,0,5,4,1,52,5.8,0,7,0,https://1drv.ms/xs/s!AtjT0K3hC-G6g26hoIS2K0q-TFgP...,1drv.ms,3,5,/xs/s!AtjT0K3hC-G6g26hoIS2K0q-TFgP...,4,2,13,13
7,49978,1408,-1,0,5.142857143,4,1,44,4.5,0,25,0,https://accounts.zeropaper.com.br/index.html,accounts.zeropaper.com.br,5.5,2,/index.html,9,4,5,9
5,20763243,-1,20454,0,6.2,1,1,38,8,0,11,1,https://agsgroup.ae/securefile/Gdoccc/,agsgroup.ae,5,2,/securefile/Gdoccc/,8,2,10,10
12,-1,-1,-1,0,4.75,8,1,73,3.666666667,0,42,0,https://appleid.apple.com.servise-appleid-apple.tk/por/Login.php?sslch...,appleid.apple.com.servise-appleid-apple.tk,5.142857143,3,/por/Login.php,7,7,5,7
5,20292601,-1,-1,0,7,2,1,43,4.5,0,22,0,https://arakanpressnetwork.com/.BBT/online/,arakanpressnetwork.com,10.5,2,/.BBT/online/,18,2,6,18
3,-1,-1,44050,0,11.33333333,1,1,39,0,0,30,0,https://bankofamericaroutingnumber.biz/,bankofamericaroutingnumber.biz,14.5,0,/,26,2,0,26
3,-1,-1,36351,0,10,1,1,34,0,0,26,0,https://bcpzonaseguraviabcpnet.com,bcpzonaseguraviabcpnet.com,12.5,0,,22,2,0,22
4,-1,-1,-1,0,7.5,2,1,36,0,0,27,0,https://bcpzonaseguro.viabcpromo.pe/,bcpzonaseguro.viabcpromo.pe,8.333333333,0,/,13,3,0,13
9,16271191,-1,174,0,6.555555556,4,1,73,9,0,13,0,https://cla-extra.com/cla_e1new/?click_id=06_77184105_6a82340a-314d-45...,cla-extra.com,3.666666667,1,/cla_e1new/,5,3,9,20
4,6393,2086,702,0,11,5,1,53,0,0,41,0,https://compusorysysyverupactiv.000webhostapp.com/...,compusorysysyverupactiv.000webhostapp.com,13,0,/...,23,3,0,23
8,840943,140123,7922,0,4.875,6,1,51,4,0,22,0,https://discount.rejuvalex.com/order.php?mode=m1...,discount.rejuvalex.com,6.666666667,2,/order.php,9,3,5,9
8,13713808,-1,36024,0,4.125,2,1,42,3,0,14,0,https://estivalert.com/mayor/Yah/T/Y1.html,estivalert.com,6.5,5,/mayor/Yah/T/Y1.html,10,2,5,10
5,400385,-1,-1,0,4.8,1,1,30,3,0,14,0,https://formcrafts.com/a/29049,formcrafts.com,6.5,2,/a/29049,10,2,5,10
5,-1,-1,52270,0,12.6,5,1,73,20,0,19,0,https://galponvictorjara.cl/.b11ofabankofamericaantiboot-authtrademark...,galponvictorjara.cl,9,2,/.b11ofabankofamericaantiboot-authtrademark...,16,2,27,27
7,-1,-1,34619,0,4,2,1,36,2.25,0,15,0,https://gurtasbrove.net/js/T/Y1.html,gurtasbrove.net,7,4,/js/T/Y1.html,11,2,4,11
10,-1,-1,32475,0,5.9,5,1,73,6.333333333,0,10,1,https://harida.org/wp-includes/Mailerdaemon/mailer-daemon.html?aippior...,harida.org,4.5,6,/wp-includes/Mailerdaemon/mailer-daemon.html,6,2,12,12
4,-1,-1,-1,0,5.75,1,1,28,2,0,17,0,https://hatoelsocorro.com/cg,hatoelsocorro.com,8,1,/cg,13,2,2,13
6,6393,2086,702,0,6,3,1,43,3,0,27,0,https://herpenus2.000webhostapp.com/log.php,herpenus2.000webhostapp.com,8.333333333,2,/log.php,13,3,3,13
9,2977594,-1,-1,0,3.888888889,7,1,49,3.833333333,0,8,1,https://holey.cc/myip/www.impots.gouv.fr/file/...,holey.cc,3.5,6,/myip/www.impots.gouv.fr/file/...,5,2,6,6
10,7832367,-1,37238,0,5.9,7,1,73,6,0,26,0,https://internetbanking.idbz.co.zw/inets/parenthome.cfm?LicenseKey=911...,internetbanking.idbz.co.zw,5.75,3,/inets/parenthome.cfm,15,4,10,15
5,80843,-1,-1,0,3.4,1,1,23,4,0,5,0,https://is.gd/crdISE%22,is.gd,2,2,/crdISE%22,2,2,6,6
10,-1,-1,50970,0,5.3,6,1,67,4.333333333,0,9,1,https://juliyi.gq/order/index.php?user=ken@montanarealestate.com...,juliyi.gq,4,3,/order/index.php,6,2,5,17
10,-1,-1,-1,0,5.9,5,1,73,6.666666667,0,16,0,https://larahollis.co.za/lh/wp-config/templates/zodiac_target/language...,larahollis.co.za,4.666666667,6,/lh/wp-config/templates/zodiac_target/language...,10,3,13,13
4,-1,-1,36351,0,7.5,1,1,36,0,0,27,0,https://lbcpzonasegura-bancabcp.com/,lbcpzonasegura-bancabcp.com,8.333333333,0,/,14,3,0,14
11,13,16,8075,1,3.909090909,6,1,58,6.5,0,14,0,https://login.live.com/jsDisabled.srf?mkt=FR-FR&lc=1036...,login.live.com,4,2,/jsDisabled.srf,5,3,10,10
7,8999964,-1,-1,1,8.857142857,7,1,73,16,0,45,0,https://login.microsoftonline.con.casadelinfanzon.com/authenthicatemem...,login.microsoftonline.con.casadelinfanzon.com,8.2,1,/authenthicatemem...,15,5,16,16
9,19624322,-1,-1,0,5.777777778,5,0,65,4.5,0,21,1,https://madeintheshadessi.com/wp-admin/js/ScreenDrop/index.php...,madeintheshadessi.com,10,6,/wp-admin/js/ScreenDrop/index.php...,17,2,10,17
7,-1,-1,20454,0,4.285714286,2,1,38,4,0,10,0,https://majesty.ae/amx/amex/index.html,majesty.ae,4.5,4,/amx/amex/index.html,7,2,5,7
7,-1,-1,30186,0,5,3,1,43,4,0,15,0,https://metronbline.com/Home.cfm/index.html,metronbline.com,7,4,/Home.cfm/index.html,11,2,5,11
6,-1,-1,-1,0,8.5,4,1,62,32,0,17,0,https://netfilx-ca-hd.com/1ba78883c6e15f6c0e2dfc35dbc2ebfa/...,netfilx-ca-hd.com,3.5,1,/1ba78883c6e15f6c0e2dfc35dbc2ebfa/...,7,4,32,32
6,-1,-1,-1,0,8.5,4,1,62,32,0,17,0,https://netfilx-ca-hd.com/d70a21be13d9df8ed44abf5234611d6c/...,netfilx-ca-hd.com,3.5,1,/d70a21be13d9df8ed44abf5234611d6c/...,7,4,32,32
10,11338278,-1,-1,0,4.8,5,1,63,4,0,17,1,https://nobodharanews.net/wp-content/dhl/?email=elex@elex.ch...,nobodharanews.net,8,3,/wp-content/dhl/,13,2,7,13
10,13,16,8075,0,5.8,5,1,73,6,0,17,0,https://onedrive.live.com/survey?resid=F54A98FD4199AF68!649&authkey=!A...,onedrive.live.com,5,1,/survey,8,3,6,16
4,-1,-1,26496,0,5.25,1,1,26,8,0,9,1,https://outxa.com/drpbdocs,outxa.com,4,1,/drpbdocs,5,2,8,8
5,3989758,-1,-1,0,4.4,1,1,29,7,0,12,0,https://pay-pyal.com/webapps/,pay-pyal.com,3.333333333,1,/webapps/,4,3,7,7
10,19102769,-1,36351,0,5.9,7,1,73,5.333333333,0,24,0,https://paymentsreport-pages.com/secure4.accessgate.appid-user/Login.p...,paymentsreport-pages.com,7.333333333,6,/secure4.accessgate.appid-user/Login.p...,14,3,10,14
4,-1,-1,-1,0,4.75,1,1,25,0,0,16,0,https://paypal-limit.com/,paypal-limit.com,4.666666667,0,/,6,3,0,6
7,471684,34267,7162,0,6.714285714,5,1,59,6,0,26,0,https://preenchert.sslblindado.com/pessoa-fisica/acesso/...,preenchert.sslblindado.com,8,3,/pessoa-fisica/acesso/...,11,3,6,11
7,6875348,-1,198149,0,6.142857143,4,1,55,7,0,11,0,https://proacis.org/language/overrides/adobeCom/inc/...,proacis.org,5,4,/language/overrides/adobeCom/inc/...,7,2,9,9
9,10680461,-1,30496,0,5.444444444,5,1,62,4,0,21,0,https://saboresaborigenes.com/assets/js/DF/B/confirmed.html...,saboresaborigenes.com,10,6,/assets/js/DF/B/confirmed.html...,17,2,9,17
9,10680461,-1,30496,1,6.555555556,4,1,73,5.666666667,0,21,0,https://saboresaborigenes.com/papipers/calendar/lib/cupertino/O/login/...,saboresaborigenes.com,10,6,/papipers/calendar/lib/cupertino/O/login/...,17,2,9,17
7,-1,-1,34619,0,6.857142857,5,1,59,7.5,0,14,0,https://sanelbrove.net/fidelity_index/Fidelity/index.php...,sanelbrove.net,6.5,4,/fidelity_index/Fidelity/index.php...,10,2,14,14
10,-1,-1,61029,1,5,4,1,61,5.75,0,26,0,https://secure.runescape.com-ds.ml/m=weblogin/loginform.ws191,secure.runescape.com-ds.ml,4.4,4,/m=weblogin/loginform.ws191,9,5,9,9
10,2128234,264625,-1,0,5.2,4,1,63,5.75,0,28,0,https://services.runescape.com-rv.ga/m=weblogin/loginform.ws786,services.runescape.com-rv.ga,4.8,4,/m=weblogin/loginform.ws786,9,5,9,9
9,-1,-1,-1,1,6.666666667,6,1,73,4,0,41,0,https://signin-tounlock.unmanagedyour-accounts.gq/Login.php?sslchannel...,signin-tounlock.unmanagedyour-accounts.gq,7.4,2,/Login.php,13,5,5,13
8,5560942,-1,-1,0,5.75,5,1,58,5,0,17,0,https://smartphonesbd.com/wp-admin/newsletter/Card.html...,smartphonesbd.com,8,5,/wp-admin/newsletter/Card.html...,13,2,10,13
4,12851199,-1,-1,0,6.75,1,1,33,9,0,14,0,https://stfagroup.info/googledoc/,stfagroup.info,6.5,1,/googledoc/,9,2,9,9
9,-1,-1,33480,0,5.555555556,6,1,63,4.5,0,19,1,https://taluklibrarytly.com/oFFiCe.php?email=rhonda@mzlaw.us...,taluklibrarytly.com,9,2,/oFFiCe.php,15,2,6,15
4,-1,-1,46562,0,6.5,1,1,32,4,0,18,0,https://tokohalalpojok.com/scrr/,tokohalalpojok.com,8.5,1,/scrr/,14,2,4,14
7,-1,-1,-1,0,6.142857143,5,1,55,5.5,0,17,0,https://torrentfiltra.com/wemmer-zedap/lincon.hsjkk/...,torrentfiltra.com,8,4,/wemmer-zedap/lincon.hsjkk/...,13,2,6,13
9,28265,13578,-1,0,6.666666667,6,1,73,3.5,0,24,0,https://u3348031.ct.sendgrid.net/wf/click?upn=YyGI8TiReWF78FGVQAsfLYJX...,u3348031.ct.sendgrid.net,5.25,2,/wf/click,8,4,5,24
11,58756,15940,26211,0,5.272727273,7,1,73,2.5,0,25,0,https://urldefense.proofpoint.com/v2/url?u=http-3A__www.pracawanglii.n...,urldefense.proofpoint.com,7.666666667,2,/v2/url,10,3,3,12
5,-1,-1,-1,0,5.4,1,1,34,6,0,11,1,https://wifimex.net/download/load/,wifimex.net,5,2,/download/load/,7,2,8,8
9,6678020,-1,197584,0,6.666666667,5,1,73,6.333333333,0,19,0,https://www.bmoconnects.com/t5/user/userloginpage?redirectreason=notre...,www.bmoconnects.com,5.666666667,3,/t5/user/userloginpage,11,3,13,14
9,3059947,223059,6428,0,4.777777778,6,1,56,4.333333333,0,29,0,https://www.corbett-national-park.com/gallery/pop.php...,www.corbett-national-park.com,5,3,/gallery/pop.php...,8,5,7,8
10,-1,-1,-1,0,5.9,5,1,73,6,0,20,0,https://www.costacaetano.com/wp-includes/js/formulaire/remboursement/s...,www.costacaetano.com,6,6,/wp-includes/js/formulaire/remboursement/s...,12,3,13,13
7,-1,-1,34619,0,5.571428571,6,1,50,5.666666667,0,19,1,https://www.erkayabrove.net/Olashile/Yahoo.html...,www.erkayabrove.net,5.666666667,3,/Olashile/Yahoo.html...,11,3,8,11
9,13713808,-1,36024,0,4,6,1,49,3,0,18,0,https://www.estivalert.com/mayor/Yah/T/Y1.html...,www.estivalert.com,5.333333333,5,/mayor/Yah/T/Y1.html...,10,3,5,10
7,12389123,-1,-1,0,8.142857143,6,1,69,15.5,0,24,0,https://www.geisonimoveis.com.br/logon/christianminglecomredesign/...,www.geisonimoveis.com.br,5.25,2,/logon/christianminglecomredesign/...,13,4,26,26
13,1,1,15169,0,3.846153846,7,1,69,3,0,14,0,https://www.google.com/url?hl=3Dfr&q=3Dhttps://appleid.apple.com&a...,www.google.com,4,1,/url,6,3,3,7
5,-1,-1,-1,0,4,2,1,27,0,0,18,0,https://www.help-inutt.com/,www.help-inutt.com,3.75,0,/,5,4,0,5
6,-1,-1,45839,0,3.833333333,3,1,31,0,0,22,0,https://www.icloud.com-find.id/,www.icloud.com-find.id,3.6,0,/,6,5,0,6
6,-1,-1,-1,0,4.666666667,2,1,36,4,0,17,1,https://www.jetniphat.com/2013/dome/,www.jetniphat.com,5,2,/2013/dome/,9,3,4,9
8,5267065,-1,16276,0,7.625,5,1,73,8.25,0,25,0,https://www.koshkamashkaeshop.com/Concluir/Sincronizao/Itoken/guardiao...,www.koshkamashkaeshop.com,7.666666667,4,/Concluir/Sincronizao/Itoken/guardiao...,17,3,11,17
7,16121457,-1,20730,0,8.857142857,5,1,73,10,0,40,0,https://www.kundensupport-sicherheitsbereich.com/az_script/signin_asso...,www.kundensupport-sicherheitsbereich.com,9.25,2,/az_script/signin_asso...,18,4,11,18
10,6870817,-1,20454,0,5.4,7,1,69,6.333333333,0,13,1,https://www.kuttab.ae/ltd/investment.office/download-contract.pdf/...,www.kuttab.ae,3.666666667,6,/ltd/investment.office/download-contract.pdf/...,6,3,10,10
7,-1,-1,32475,0,8.571428571,5,1,71,13.66666667,0,16,0,https://www.lejacabs.com/jjk/documentsharepdfEN/documentsharepdffile...,www.lejacabs.com,4.666666667,3,/jjk/documentsharepdfEN/documentsharepdffile...,8,3,20,20
8,-1,-1,-1,1,7.625,5,1,73,19.5,0,21,0,https://www.netfilx-ca-hd.com/7520c173000788494326f83b3b0aa6a0/account...,www.netfilx-ca-hd.com,3.4,2,/7520c173000788494326f83b3b0aa6a0/account...,7,5,32,32
12,7241050,-1,-1,0,4.333333333,7,1,69,4.333333333,0,22,0,https://www.teekasgroup.com.np/touch/&tx=5t)bo/identifyuser.php?f4...,www.teekasgroup.com.np,4.75,6,/touch/&tx=5t)bo/identifyuser.php,11,4,12,12
6,10905534,-1,36351,0,5.5,2,1,40,7,0,16,0,https://yantratech.co.in/espaces/october,yantratech.co.in,4.666666667,2,/espaces/october,10,3,7,10
4,1013,19,-1,0,3.25,2,0,18,0,0,11,0,http://news.com.au,news.com.au,3,0,,4,3,0,4
3,67797,6147,17439,0,5,1,0,19,0,0,12,0,http://newshunt.com,newshunt.com,5.5,0,,8,2,0,8
3,1206,451,1299,0,3.333333333,1,0,14,0,0,7,0,http://nfl.com,nfl.com,3,0,,3,2,0,4
3,214427,2016,38244,0,4.333333333,1,0,17,0,0,10,0,http://ngaynay.vn,ngaynay.vn,4.5,0,,7,2,0,7
4,32561,300,-1,0,3.25,2,0,18,0,0,11,0,http://nhac.vui.vn,nhac.vui.vn,3,0,,4,3,0,4
3,175,11,2510,0,5,1,0,19,0,0,12,0,http://nicovideo.jp,nicovideo.jp,5.5,0,,9,2,0,9
3,-1,-1,9355,0,3.333333333,1,0,14,0,0,7,0,http://nict.jp,nict.jp,3,0,,4,2,0,4
3,168,113,14618,0,3.333333333,1,0,14,0,0,7,0,http://nih.gov,nih.gov,3,0,,3,2,0,4
3,4846,3016,13535,0,3.666666667,1,0,15,0,0,8,0,http://ning.com,ning.com,3.5,0,,4,2,0,4
5,124788,7808,55824,0,3.6,2,0,24,6,0,10,0,http://nith.ac.in/newweb,nith.ac.in,2.666666667,1,/newweb,4,3,6,6
3,1127601,80174,20773,0,2.666666667,1,0,12,0,0,5,0,http://nt.vc,nt.vc,2,0,,2,2,0,4
3,553739,92152,-1,0,3.333333333,1,0,15,0,0,7,0,http://nwps.ws/,nwps.ws,3,0,/,4,2,0,4
3,1081,313,-1,0,6,1,0,22,0,0,15,0,http://nydailynews.com,nydailynews.com,7,0,,11,2,0,11
3,1536,608,-1,0,4,1,0,16,0,0,9,0,http://nymag.com,nymag.com,4,0,,5,2,0,5
4,1476,129,-1,0,4.25,1,0,23,2,0,12,0,http://oasgames.com/en/,oasgames.com,5.5,1,/en/,8,2,2,8
3,287489,71549,-1,0,4,1,0,16,0,0,9,0,http://odesk.com,odesk.com,4,0,,5,2,0,5
3,117280,3395,49988,0,6.333333333,1,0,23,0,0,16,0,http://odnoklassniki.ru,odnoklassniki.ru,7.5,0,,13,2,0,13
3,927,199,-1,0,4.666666667,1,0,18,0,0,11,0,http://okcupid.com,okcupid.com,5,0,,7,2,0,7
3,1251,56,-1,0,3,1,0,13,0,0,6,0,http://olx.in,olx.in,2.5,0,,3,2,0,4
4,282,74,1668,0,5.25,2,0,26,0,0,19,0,http://oneadserver.aol.com,oneadserver.aol.com,5.666666667,0,,11,3,0,11
3,617126,254145,36351,0,4.666666667,1,0,18,0,0,11,0,http://oneindia.in,oneindia.in,5,0,,8,2,0,8
3,615960,-1,-1,0,5.333333333,1,0,21,0,0,13,0,http://onelouder.com/,onelouder.com,6,0,/,9,2,0,9
3,416,6,12990,0,3.333333333,1,0,14,0,0,7,0,http://onet.pl,onet.pl,3,0,,4,2,0,4
3,155,8,-1,0,5.333333333,1,0,20,0,0,13,0,http://onlinesbi.com,onlinesbi.com,6,0,,9,2,0,9
3,29843,5350,4808,0,5,1,0,19,0,0,12,0,http://onlylady.com,onlylady.com,5.5,0,,8,2,0,8
3,701557,231265,33517,0,7.666666667,1,0,27,0,0,20,0,http://opensiteexplorer.org,opensiteexplorer.org,9.5,0,,16,2,0,16
3,44664,11647,3356,0,4,1,0,16,0,0,9,0,http://optmd.com,optmd.com,4,0,,5,2,0,5
3,370,389,794,0,4.333333333,1,0,17,0,0,10,0,http://oracle.com,oracle.com,4.5,0,,6,2,0,6
3,453,10,8891,0,4,1,0,16,0,0,9,0,http://orange.fr,orange.fr,4,0,,6,2,0,6
3,121712,-1,-1,0,4.666666667,1,0,18,0,0,11,0,http://outfit7.com,outfit7.com,5,0,,7,2,0,7
3,7815,2735,-1,0,3.333333333,1,0,14,0,0,7,0,http://p5w.net,p5w.net,3,0,,3,2,0,4
3,298,81,40428,0,4.666666667,1,0,18,0,0,11,0,http://pandora.com,pandora.com,5,0,,7,2,0,7
3,347668,147257,23393,0,8.333333333,1,0,29,0,0,22,0,http://parentalcontrolbar.org,parentalcontrolbar.org,10.5,0,,18,2,0,18
4,230681,7862,8527,0,4,1,0,22,2,0,11,0,http://payclick.it/it/,payclick.it,5,1,/it/,8,2,2,8
3,76,31,17012,0,4.333333333,1,0,17,0,0,10,0,http://paypal.com,paypal.com,4.5,0,,6,2,0,6
4,5381,362,4134,0,3.75,2,0,20,0,0,13,0,http://pcbaby.com.cn,pcbaby.com.cn,3.666666667,0,,6,3,0,6
3,3243,409,-1,0,3.333333333,1,0,14,0,0,7,0,http://pch.com,pch.com,3,0,,3,2,0,4
3,7619,749,-1,0,4.333333333,1,0,17,0,0,10,0,http://pchome.net,pchome.net,4.5,0,,6,2,0,6
4,11498,1278,4134,0,3.75,2,0,20,0,0,13,0,http://pclady.com.cn,pclady.com.cn,3.666666667,0,,6,3,0,6
4,12094,1419,4134,0,4.25,2,0,22,0,0,15,0,http://pconline.com.cn,pconline.com.cn,4.333333333,0,,8,3,0,8
3,9892,1026,4808,0,4,1,0,16,0,0,9,0,http://pcpop.com,pcpop.com,4,0,,5,2,0,5
3,1275,826,-1,0,4.666666667,1,0,19,0,0,11,0,http://pcworld.com/,pcworld.com,5,0,/,7,2,0,7
4,767,37,-1,0,3.75,2,0,20,0,0,13,0,http://people.com.cn,people.com.cn,3.666666667,0,,6,3,0,6
3,24012,2224,2635,0,7.333333333,1,0,27,0,0,19,0,http://peopleenespanol.com/,peopleenespanol.com,9,0,/,15,2,0,15
3,983,665,14173,0,6,1,0,22,0,0,15,0,http://photobucket.com,photobucket.com,7,0,,11,2,0,11
3,773,2236,6939,0,3.333333333,1,0,14,0,0,7,0,http://php.net,php.net,3,0,,3,2,0,4
3,58,23,-1,0,5.333333333,1,0,20,0,0,13,0,http://pinterest.com,pinterest.com,6,0,,9,2,0,9
3,1626,307,54652,0,3.333333333,1,0,14,0,0,7,0,http://pof.com,pof.com,3,0,,3,2,0,4
3,57,-1,-1,0,4.333333333,1,0,17,0,0,10,0,http://popads.net,popads.net,4.5,0,,6,2,0,6
3,41,19,30361,0,4.666666667,1,0,18,0,0,11,0,http://pornhub.com,pornhub.com,5,0,,7,2,0,7
3,11693492,-1,-1,0,6,1,0,23,0,0,15,0,http://pricedetect.com/,pricedetect.com,7,0,/,11,2,0,11
3,580452,-1,32787,0,4.333333333,1,0,17,0,0,10,0,http://probux.com,probux.com,4.5,0,,6,2,0,6
3,1264139,-1,-1,0,4,1,0,17,0,0,9,0,http://ptp33.com/,ptp33.com,4,0,/,5,2,0,5
3,44118,10613,-1,0,5.333333333,1,0,20,0,0,13,0,http://putlocker.com,putlocker.com,6,0,,9,2,0,9
3,7,2,4837,0,3,1,0,13,0,0,6,0,http://qq.com,qq.com,2.5,0,,3,2,0,4
3,4843833,801516,-1,0,4,1,0,16,0,0,9,0,http://qtrax.com,qtrax.com,4,0,,5,2,0,5
3,1754,90,20940,0,4,1,0,16,0,0,9,0,http://quikr.com,quikr.com,4,0,,5,2,0,5
3,93,58,-1,0,4,1,0,16,0,0,9,0,http://quora.com,quora.com,4,0,,5,2,0,5
3,33143,14507,36351,0,3.666666667,1,0,15,0,0,8,0,http://qvo6.com,qvo6.com,3.5,0,,4,2,0,4
3,16720,5293,2635,0,4,1,0,16,0,0,9,0,http://radio.com,radio.com,4,0,,5,2,0,5
4,143,10,23820,0,3.75,2,0,20,0,0,13,0,http://rakuten.co.jp,rakuten.co.jp,3.666666667,0,,7,3,0,7
3,174,15,24638,0,4.333333333,1,0,17,0,0,10,0,http://rambler.ru,rambler.ru,4.5,0,,7,2,0,7
3,731,187,50098,0,5.666666667,1,0,21,0,0,14,0,http://rapidgator.net,rapidgator.net,6.5,0,,10,2,0,10
3,731,187,50098,0,5.666666667,1,0,22,0,0,14,0,http://rapidgator.net/,rapidgator.net,6.5,0,/,10,2,0,10
3,718,29,-1,0,3,1,0,13,0,0,6,0,http://rbc.ru,rbc.ru,2.5,0,,3,2,0,4
8,31021,1818,-1,0,6,2,0,57,7.4,0,8,0,http://rdxhd.me/new/download/11/New_Bollywood_Movies.html,rdxhd.me,3.5,5,/new/download/11/New_Bollywood_Movies.html,5,2,20,20
3,3021909,-1,-1,0,4.333333333,1,0,17,0,0,10,0,http://reactx.com,reactx.com,4.5,0,,6,2,0,6
3,11,4,-1,0,4.333333333,1,0,17,0,0,10,0,http://reddit.com,reddit.com,4.5,0,,6,2,0,6
3,556,29,20940,0,4.333333333,1,0,17,0,0,10,0,http://rediff.com,rediff.com,4.5,0,,6,2,0,6
3,1102,888,14618,0,5.333333333,1,0,20,0,0,13,0,http://reference.com,reference.com,6,0,,9,2,0,9
3,1496,131,-1,0,4.333333333,1,0,17,0,0,10,0,http://renren.com,renren.com,4.5,0,,6,2,0,6
3,-1,-1,26496,0,5,1,0,19,0,0,12,0,http://reponets.com,reponets.com,5.5,0,,8,2,0,8
3,425,7,3313,0,5.333333333,1,0,20,0,0,13,0,http://repubblica.it,repubblica.it,6,0,,10,2,0,10
3,945,299,16509,0,6,1,0,22,0,0,15,0,http://retailmenot.com,retailmenot.com,7,0,,11,2,0,11
3,429,237,-1,0,4.666666667,1,0,18,0,0,11,0,http://reuters.com,reuters.com,5,0,,7,2,0,7
3,172375,88556,27357,0,4.666666667,1,0,18,0,0,11,0,http://rockyou.com,rockyou.com,5,0,,7,2,0,7
3,42884,316,-1,0,4.666666667,1,0,18,0,0,11,0,http://rongbay.com,rongbay.com,5,0,,7,2,0,7
3,1300118,-1,26347,0,4.333333333,1,0,18,0,0,10,0,http://rounds.com/,rounds.com,4.5,0,/,6,2,0,6
3,340,-1,42014,0,3,1,0,13,0,0,6,0,http://rt.com,rt.com,2.5,0,,3,2,0,4
3,334,24,47105,0,5.333333333,1,0,20,0,0,13,0,http://rutracker.org,rutracker.org,6,0,,9,2,0,9
5,2375359,-1,13301,1,4.2,1,0,27,5,0,8,0,http://rvty.net/login/login,rvty.net,3.5,2,/login/login,4,2,5,5
3,837,9,9121,0,5.666666667,1,0,21,0,0,14,0,http://sahibinden.com,sahibinden.com,6.5,0,,10,2,0,10
3,206,45,14340,0,5.666666667,1,0,21,0,0,14,0,http://salesforce.com,salesforce.com,6.5,0,,10,2,0,10
3,346,511,6619,0,4.666666667,1,0,18,0,0,11,0,http://samsung.com,samsung.com,5,0,,7,2,0,7
3,36199,2546,50214,0,3.333333333,1,0,14,0,0,7,0,http://sape.ru,sape.ru,3,0,,4,2,0,4
3,403,12,35237,0,4.666666667,1,0,18,0,0,11,0,http://sberbank.ru,sberbank.ru,5,0,,8,2,0,8
3,264,-1,-1,0,4.333333333,1,0,17,0,0,10,0,http://scribd.com,scribd.com,4.5,0,,6,2,0,6
6,2329,1159,55497,0,3.666666667,2,0,30,2,0,16,0,http://sea.blizzard.com/en-sg/,sea.blizzard.com,4.666666667,2,/en-sg/,8,3,2,8
3,85012,8232,-1,0,6.333333333,1,0,23,0,0,16,0,http://searchengines.ru,searchengines.ru,7.5,0,,13,2,0,13
3,11413284,-1,11274,0,6,1,0,22,0,0,15,0,http://secondspace.com,secondspace.com,7,0,,11,2,0,11
3,7250594,-1,-1,0,6.333333333,1,0,23,0,0,16,0,http://securedvisit.com,securedvisit.com,7.5,0,,12,2,0,12
3,1945,1550,39572,0,4.666666667,1,0,18,0,0,11,0,http://semrush.com,semrush.com,5,0,,7,2,0,7
4,42327,1832,10954,0,3.75,2,0,20,0,0,13,0,http://serpro.gov.br,serpro.gov.br,3.666666667,0,,6,3,0,6
3,489,3,-1,0,4,1,0,16,0,0,9,0,http://seznam.cz,seznam.cz,4,0,,6,2,0,6
3,2445,293,3257,0,4.333333333,1,0,17,0,0,10,0,http://shaadi.com,shaadi.com,4.5,0,,6,2,0,6
3,1512,585,-1,0,5.666666667,1,0,21,0,0,14,0,http://shareasale.com,shareasale.com,6.5,0,,10,2,0,10
3,130052,18168,-1,0,5.666666667,1,0,21,0,0,14,0,http://shebudgets.com,shebudgets.com,6.5,0,,10,2,0,10
3,347,390,-1,0,6.333333333,1,0,23,0,0,16,0,http://shutterstock.com,shutterstock.com,7.5,0,,12,2,0,12
4,19,7,4808,0,3.25,2,0,18,0,0,11,0,http://sina.com.cn,sina.com.cn,3,0,,4,3,0,4
3,495,852,7754,0,6,1,0,22,0,0,15,0,http://siteadvisor.com,siteadvisor.com,7,0,,11,2,0,11
3,603885,-1,42320,0,5,1,0,20,0,0,12,0,http://sitestat.com/,sitestat.com,5.5,0,/,8,2,0,8
3,461108,-1,-1,0,5.666666667,1,0,22,0,0,14,0,http://skeettools.com/,skeettools.com,6.5,0,/,10,2,0,10
3,306,337,-1,0,4,1,0,16,0,0,9,0,http://skype.com,skype.com,4,0,,5,2,0,5
3,762,47,-1,0,5,1,0,19,0,0,12,0,http://snapdeal.com,snapdeal.com,5.5,0,,8,2,0,8
3,17869,222,8075,0,4.333333333,1,0,17,0,0,10,0,http://snapdo.com,snapdo.com,4.5,0,,6,2,0,6
3,-1,-1,8075,0,5.333333333,1,0,20,0,0,13,0,http://snapdoapp.com,snapdoapp.com,6,0,,9,2,0,9
3,100,21,4837,0,3,1,0,13,0,0,6,0,http://so.com,so.com,2.5,0,,3,2,0,4
3,165,69,51773,0,5,1,0,19,0,0,12,0,http://softonic.com,softonic.com,5.5,0,,8,2,0,8
3,5959,48,7643,0,3.333333333,1,0,14,0,0,7,0,http://soha.vn,soha.vn,3,0,,4,2,0,4
3,14,5,23724,0,3.666666667,1,0,15,0,0,8,0,http://sohu.com,sohu.com,3.5,0,,4,2,0,4
3,7147,607,-1,0,3.666666667,1,0,15,0,0,8,0,http://soku.com,soku.com,3.5,0,,4,2,0,4
3,87,20,4808,0,3.666666667,1,0,15,0,0,8,0,http://soso.com,soso.com,3.5,0,,4,2,0,4
3,89,53,-1,0,5.666666667,1,0,21,0,0,14,0,http://soundcloud.com,soundcloud.com,6.5,0,,10,2,0,10
3,304,-1,3561,0,6,1,0,22,0,0,15,0,http://sourceforge.net,sourceforge.net,7,0,,11,2,0,11
3,219,279,-1,0,5.333333333,1,0,20,0,0,13,0,http://speedtest.net,speedtest.net,6,0,,9,2,0,9
3,480,20,34309,0,4.333333333,1,0,17,0,0,10,0,http://spiegel.de,spiegel.de,4.5,0,,7,2,0,7
3,-1,-1,16509,0,3.666666667,1,0,15,0,0,8,0,http://srpx.net,srpx.net,3.5,0,,4,2,0,4
3,111,83,-1,0,6.666666667,1,0,24,0,0,17,0,http://stackexchange.com,stackexchange.com,8,0,,13,2,0,13
3,60,50,-1,0,6.666666667,1,0,24,0,0,17,0,http://stackoverflow.com,stackoverflow.com,8,0,,13,2,0,13
15,60,50,-1,0,4.733333333,1,0,87,4.25,0,17,0,http://stackoverflow.com/questions/8551735/how-do-i-run-python-code-from-sublime-text-2,stackoverflow.com,8,12,/questions/8551735/how-do-i-run-python-code-from-sublime-text-2,13,2,9,13
4,1558,225,36271,0,3.75,2,0,20,0,0,13,0,http://start.att.net,start.att.net,3.666666667,0,,5,3,0,5
3,2782,1374,-1,0,6,1,0,22,0,0,15,0,http://statcounter.com,statcounter.com,7,0,,11,2,0,11
3,184,145,-1,0,6.333333333,1,0,23,0,0,16,0,http://steampowered.com,steampowered.com,7.5,0,,12,2,0,12
3,1614,699,53922,0,6,1,0,22,0,0,15,0,http://stumbleupon.com,stumbleupon.com,7,0,,11,2,0,11
3,143477,59462,14618,0,6,1,0,22,0,0,15,0,http://styleblazer.com,styleblazer.com,7,0,,11,2,0,11
3,459,50,-1,0,5,1,0,19,0,0,12,0,http://subscene.com,subscene.com,5.5,0,,8,2,0,8
3,546,260,12182,0,6.333333333,1,0,23,0,0,16,0,http://surveymonkey.com,surveymonkey.com,7.5,0,,12,2,0,12
3,2363,429,20093,0,5.333333333,1,0,20,0,0,13,0,http://swagbucks.com,swagbucks.com,6,0,,9,2,0,9
4,7231,-1,36351,0,4,1,0,21,0,0,14,0,http://sweet-page.com,sweet-page.com,4,0,,5,3,0,5
4,504,18,6805,0,3.25,1,0,18,0,0,11,0,http://t-online.de,t-online.de,3,0,,6,3,0,6
3,28,21,-1,0,2.333333333,1,0,11,0,0,4,0,http://t.co,t.co,1.5,0,,2,2,0,4
3,2175,1221,36080,0,4.333333333,1,0,17,0,0,10,0,http://tagged.com,tagged.com,4.5,0,,6,2,0,6
3,461,153,19024,0,4,1,0,16,0,0,9,0,http://taleo.net,taleo.net,4,0,,5,2,0,5
3,12,3,37963,0,4.333333333,1,0,17,0,0,10,0,http://taobao.com,taobao.com,4.5,0,,6,2,0,6
3,421,79,20940,0,4.333333333,1,0,17,0,0,10,0,http://target.com,target.com,4.5,0,,6,2,0,6
3,327,9,-1,0,4.666666667,1,0,18,0,0,11,0,http://taringa.net,taringa.net,5,0,,7,2,0,7
3,548,315,2635,0,5.666666667,1,0,21,0,0,14,0,http://techcrunch.com,techcrunch.com,6.5,0,,10,2,0,10
4,270,32,1273,0,4.25,2,0,22,0,0,15,0,http://telegraph.co.uk,telegraph.co.uk,4.333333333,0,,9,3,0,9
3,-1,-1,40034,0,7,1,0,26,0,0,18,0,http://telemetryaudit.com/,telemetryaudit.com,8.5,0,/,14,2,0,14
3,3090,1173,-1,0,7.333333333,1,0,26,0,0,19,0,http://templatemonster.com,templatemonster.com,9,0,,15,2,0,15
4,2442,69,40260,0,3.5,2,0,19,0,0,12,0,http://terra.com.br,terra.com.br,3.333333333,0,,5,3,0,5
3,3389,794,-1,0,5,1,0,19,0,0,12,0,http://theblaze.com,theblaze.com,5.5,0,,8,2,0,8
3,484152,-1,46606,0,7,1,0,25,0,0,18,0,http://thebookinsider.com,thebookinsider.com,8.5,0,,14,2,0,14
3,89560,15882,11608,0,7.666666667,1,0,27,0,0,20,0,http://thefreecamsecret.com,thefreecamsecret.com,9.5,0,,16,2,0,16
3,455,600,29066,0,8,1,0,28,0,0,21,0,http://thefreedictionary.com,thefreedictionary.com,10,0,,17,2,0,17
3,127,91,-1,0,6,1,0,22,0,0,15,0,http://theguardian.com,theguardian.com,7,0,,11,2,0,11
3,769297,-1,-1,0,6,1,0,22,0,0,15,0,http://thepiratebay.sx,thepiratebay.sx,7,0,,12,2,0,12
3,5458,1367,36351,0,4.666666667,1,0,19,0,0,11,0,http://theweek.com/,theweek.com,5,0,/,7,2,0,7
3,73,22,4134,0,4,1,0,16,0,0,9,0,http://tianya.cn,tianya.cn,4,0,,6,2,0,6
3,609,303,-1,0,3.666666667,1,0,15,0,0,8,0,http://time.com,time.com,3.5,0,,4,2,0,4
3,607,447,7859,0,6,1,0,22,0,0,15,0,http://timeanddate.com,timeanddate.com,7,0,,11,2,0,11
7,215,13,-1,0,8,2,0,64,9,0,27,0,http://timesofindia.indiatimes.com/entertainment/hindi/bollywood,timesofindia.indiatimes.com,8.333333333,3,/entertainment/hindi/bollywood,12,3,13,13
3,277566,3511,38733,0,5,1,0,20,0,0,12,0,http://tinchieu.com/,tinchieu.com,5.5,0,/,8,2,0,8
3,5237,2369,-1,0,4.666666667,1,0,18,0,0,11,0,http://tinyurl.com,tinyurl.com,5,0,,7,2,0,7
3,109025,12771,32181,0,4,1,0,16,0,0,9,0,http://tlbb8.com,tlbb8.com,4,0,,5,2,0,5
3,10,4,37963,0,4,1,0,16,0,0,9,0,http://tmall.com,tmall.com,4,0,,5,2,0,5
3,972,284,-1,0,3.333333333,1,0,14,0,0,7,0,http://tmz.com,tmz.com,3,0,,3,2,0,4
3,12500,-1,43350,0,6.333333333,1,0,23,0,0,16,0,http://torchbrowser.com,torchbrowser.com,7.5,0,,12,2,0,12
3,13445,1373,-1,0,5.666666667,1,0,21,0,0,14,0,http://torrentsmd.com,torrentsmd.com,6.5,0,,10,2,0,10
3,4042,1709,15694,0,4.666666667,1,0,18,0,0,11,0,http://torrentz.eu,torrentz.eu,5,0,,8,2,0,8
3,-1,-1,40034,0,5.666666667,1,0,21,0,0,14,0,http://trafficunit.in,trafficunit.in,6.5,0,,11,2,0,11
3,4078,150,-1,0,4.666666667,1,0,18,0,0,11,0,http://traidnt.net,traidnt.net,5,0,,7,2,0,7
3,245,77,-1,0,6,1,0,22,0,0,15,0,http://tripadvisor.com,tripadvisor.com,7,0,,11,2,0,11
3,1012,158,46950,0,4.333333333,1,0,17,0,0,10,0,http://trulia.com,trulia.com,4.5,0,,6,2,0,6
3,524,596,29789,0,4,1,0,16,0,0,9,0,http://tube8.com,tube8.com,4,0,,5,2,0,5
3,4997,442,-1,0,4,1,0,16,0,0,9,0,http://tudou.com,tudou.com,4,0,,5,2,0,5
3,61,18,-1,0,4.333333333,1,0,17,0,0,10,0,http://tumblr.com,tumblr.com,4.5,0,,6,2,0,6
3,44,15,-1,0,4,1,0,16,0,0,9,0,http://twitch.tv,twitch.tv,4,0,,6,2,0,6
3,201653,-1,22612,0,7.666666667,1,0,27,0,0,20,0,http://twitchadvertising.tv,twitchadvertising.tv,9.5,0,,17,2,0,17
3,9,8,-1,0,4.666666667,1,0,18,0,0,11,0,http://twitter.com,twitter.com,5,0,,7,2,0,7
3,323440,-1,-1,0,4.333333333,1,0,17,0,0,10,0,http://twonky.com,twonky.com,4.5,0,,6,2,0,6
3,1335,-1,41471,0,3.666666667,1,0,15,0,0,8,0,http://twoo.com,twoo.com,3.5,0,,4,2,0,4
3,2243,1271,-1,0,4.666666667,1,0,18,0,0,11,0,http://typepad.com,typepad.com,5,0,,7,2,0,7
3,1184,61,199420,0,3.333333333,1,0,14,0,0,7,0,http://ucoz.ru,ucoz.ru,3,0,,4,2,0,4
3,390479,92919,-1,0,4.666666667,1,0,18,0,0,11,0,http://uimserv.net,uimserv.net,5,0,,7,2,0,7
4,-1,-1,16276,0,4.75,1,0,24,0,0,17,0,http://under-myscreen.be,under-myscreen.be,5,0,,8,3,0,8
4,161,6,7162,0,3,2,0,17,0,0,10,0,http://uol.com.br,uol.com.br,2.666666667,0,,3,3,0,4
3,-1,-1,2818,0,5.333333333,1,0,20,0,0,13,0,http://updaterss.com,updaterss.com,6,0,,9,2,0,9
3,555,192,12989,0,5,1,0,19,0,0,12,0,http://uploaded.net,uploaded.net,5.5,0,,8,2,0,8
3,413,119,12217,0,3.333333333,1,0,14,0,0,7,0,http://ups.com,ups.com,3,0,,3,2,0,4
3,4422,1667,14618,0,5,1,0,19,0,0,12,0,http://upworthy.com,upworthy.com,5.5,0,,8,2,0,8
5,241,135,19817,0,3.4,2,0,24,2,0,13,0,http://us.battle.net/en/,us.battle.net,3.666666667,1,/en/,6,3,2,6
3,407,125,21735,0,5,1,0,19,0,0,12,0,http://usatoday.com,usatoday.com,5.5,0,,8,2,0,8
3,395,85,5774,0,3.666666667,1,0,15,0,0,8,0,http://usps.com,usps.com,3.5,0,,4,2,0,4
3,25923,13248,36351,0,3,1,0,14,0,0,6,0,http://v9.com/,v9.com,2.5,0,/,3,2,0,4
3,-1,-1,19324,0,5,1,0,19,0,0,12,0,http://validwin.com,validwin.com,5.5,0,,8,2,0,8
3,1321,522,2635,0,4.666666667,1,0,19,0,0,11,0,http://variety.com/,variety.com,5,0,/,7,2,0,7
3,383,2,31549,0,5,1,0,19,0,0,12,0,http://varzesh3.com,varzesh3.com,5.5,0,,8,2,0,8
3,876,142,12079,0,7.333333333,1,0,26,0,0,19,0,http://verizonwireless.com,verizonwireless.com,9,0,,15,2,0,15
3,163429,33263,4373,0,3.666666667,1,0,16,0,0,8,0,http://viaf.org/,viaf.org,3.5,0,/,4,2,0,4
3,185932,51123,-1,0,5,1,0,20,0,0,12,0,http://vidco.online/,vidco.online,5.5,0,/,6,2,0,6
4,1768,34,8660,0,4.75,2,0,24,0,0,17,0,http://video.virgilio.it,video.virgilio.it,5,0,,8,3,0,8
3,4047,29,7643,0,5.333333333,1,0,21,0,0,13,0,http://vietnamnet.vn/,vietnamnet.vn,6,0,/,10,2,0,10
3,692202,-1,-1,0,5.333333333,1,0,20,0,0,13,0,http://viewmixed.com,viewmixed.com,6,0,,9,2,0,9
3,3815,460,-1,0,6,1,0,22,0,0,15,0,http://viralinindia.in,viralinindia.in,7,0,,12,2,0,12
3,1768,34,12637,0,4.666666667,1,0,18,0,0,11,0,http://virgilio.it,virgilio.it,5,0,,8,2,0,8
3,3446155,156529,39582,0,5,1,0,20,0,0,12,0,http://visilabs.com/,visilabs.com,5.5,0,/,8,2,0,8
3,17,1,-1,0,3,1,0,13,0,0,6,0,http://vk.com,vk.com,2.5,0,,3,2,0,4
3,909,10,45894,0,5.333333333,1,0,20,0,0,13,0,http://vnexpress.net,vnexpress.net,6,0,,9,2,0,9
4,898,80,45096,0,3,2,0,17,0,0,10,0,http://voc.com.cn,voc.com.cn,2.666666667,0,,3,3,0,4
3,97053,15810,11608,0,3.666666667,1,0,15,0,0,8,0,http://vube.com,vube.com,3.5,0,,4,2,0,4
3,2068,3244,3,0,3,1,0,13,0,0,6,0,http://w3.org,w3.org,2.5,0,,3,2,0,4
3,191,206,46989,0,5.333333333,1,0,20,0,0,13,0,http://w3schools.com,w3schools.com,6,0,,9,2,0,9
3,229,40,17374,0,4.666666667,1,0,18,0,0,11,0,http://walmart.com,walmart.com,5,0,,7,2,0,7
3,7278,3334,-1,0,6.333333333,1,0,23,0,0,16,0,http://warriorforum.com,warriorforum.com,7.5,0,,12,2,0,12
3,156,41,33047,0,7,1,0,25,0,0,18,0,http://washingtonpost.com,washingtonpost.com,8.5,0,,14,2,0,14
3,2013681,-1,46606,0,6.666666667,1,0,25,0,0,17,0,http://wearemadeinny.com/,wearemadeinny.com,8,0,/,13,2,0,13
4,428539,-1,14744,0,4.25,2,0,23,0,0,15,0,http://web.blogads.com/,web.blogads.com,4.333333333,0,/,7,3,0,7
3,374,10,8560,0,3,1,0,13,0,0,6,0,http://web.de,web.de,2.5,0,,3,2,0,4
3,2685,2678,-1,0,5.666666667,1,0,21,0,0,14,0,http://webcrawler.com,webcrawler.com,6.5,0,,10,2,0,10
3,397,170,46244,0,4,1,0,16,0,0,9,0,http://webmd.com,webmd.com,4,0,,5,2,0,5
3,3313,235,-1,0,4.666666667,1,0,18,0,0,11,0,http://webmoney.ru,webmoney.ru,5,0,,8,2,0,8
3,4589,2254,-1,0,3.666666667,1,0,15,0,0,8,0,http://webs.com,webs.com,3.5,0,,4,2,0,4
3,9350,3429,37958,0,6.333333333,1,0,23,0,0,16,0,http://webssearches.com,webssearches.com,7.5,0,,12,2,0,12
3,246,165,27647,0,4.333333333,1,0,17,0,0,10,0,http://weebly.com,weebly.com,4.5,0,,6,2,0,6
3,3933,4789,19994,0,5.333333333,1,0,20,0,0,13,0,http://weheartit.com,weheartit.com,6,0,,9,2,0,9
3,23,8,23724,0,4,1,0,16,0,0,9,0,http://weibo.com,weibo.com,4,0,,5,2,0,5
3,273,43,4196,0,5.666666667,1,0,21,0,0,14,0,http://wellsfargo.com,wellsfargo.com,6.5,0,,10,2,0,10
3,3388,1244,-1,0,3,1,0,13,0,0,6,0,http://who.is,who.is,2.5,0,,3,2,0,4
3,42988,10999,39369,0,5.666666667,1,0,21,0,0,14,0,http://wigetmedia.com,wigetmedia.com,6.5,0,,10,2,0,10
3,136,123,-1,0,4.666666667,1,0,18,0,0,11,0,http://wikihow.com,wikihow.com,5,0,,7,2,0,7
3,4,6,43821,0,5.333333333,1,0,20,0,0,13,0,http://wikipedia.org,wikipedia.org,6,0,,9,2,0,9
3,446,741,43821,0,5.666666667,1,0,21,0,0,14,0,http://wiktionary.org,wiktionary.org,6.5,0,,10,2,0,10
3,798,356,-1,0,4,1,0,16,0,0,9,0,http://wired.com,wired.com,4,0,,5,2,0,5
3,467,381,-1,0,3.333333333,1,0,14,0,0,7,0,http://wix.com,wix.com,3,0,,3,2,0,4
3,295935,148682,32613,0,5.666666667,1,0,22,0,0,14,0,http://womanitely.com/,womanitely.com,6.5,0,/,10,2,0,10
3,34,47,2635,0,5.333333333,1,0,20,0,0,13,0,http://wordpress.com,wordpress.com,6,0,,9,2,0,9
3,361,500,13768,0,5.333333333,1,0,20,0,0,13,0,http://wordpress.org,wordpress.org,6,0,,9,2,0,9
3,286,30,-1,0,6.666666667,1,0,24,0,0,17,0,http://wordreference.com,wordreference.com,8,0,,13,2,0,13
3,75862,7938,-1,0,4.666666667,1,0,18,0,0,11,0,http://workercn.cn,workercn.cn,5,0,,8,2,0,8
3,491,8,12827,0,2.666666667,1,0,12,0,0,5,0,http://wp.pl,wp.pl,2,0,,2,2,0,4
3,485,175,7105,0,3.333333333,1,0,14,0,0,7,0,http://wsj.com,wsj.com,3,0,,3,2,0,4
4,3219670,-1,32787,0,5,2,0,26,0,0,18,0,http://ww1.icmwebserv.com/,ww1.icmwebserv.com,5.333333333,0,/,10,3,0,10
4,14151502,-1,32787,0,3.75,2,0,21,0,0,13,0,http://ww1.umunu.com/,ww1.umunu.com,3.666666667,0,/,5,3,0,5
4,-1,-1,-1,0,4.75,2,0,25,0,0,17,0,http://ww5.troveread.com/,ww5.troveread.com,5,0,/,9,3,0,9
4,384,63,4773,0,3.25,2,0,18,0,0,11,0,http://www.163.com,www.163.com,3,0,,3,3,0,4
4,136919,3730,5602,0,5.75,2,0,28,0,0,21,0,http://www.4wmarketplace.com,www.4wmarketplace.com,6.333333333,0,,13,3,0,13
4,1882581,834205,26496,0,5.5,2,0,27,0,0,20,0,http://www.9mediaonline.com,www.9mediaonline.com,6,0,,12,3,0,12
5,1090,17,-1,0,3,3,0,22,0,0,14,0,http://www.abc.net.au/,www.abc.net.au,2.75,0,/,3,4,0,4
4,32341,16593,33070,0,4.75,2,0,24,0,0,17,0,http://www.aboutads.info,www.aboutads.info,5,0,,8,3,0,8
4,64134,22886,-1,0,6.25,2,0,30,0,0,23,0,http://www.accesshollywood.com,www.accesshollywood.com,7,0,,15,3,0,15
5,3148004,-1,9116,0,3,2,0,22,0,0,14,0,http://www.ad-sys.com/,www.ad-sys.com,2.75,0,/,3,4,0,4
4,1501508,568727,-1,0,4.25,2,0,23,0,0,15,0,http://www.adacado.com/,www.adacado.com,4.333333333,0,/,7,3,0,7
4,91119,7296,-1,0,4.75,2,0,25,0,0,17,0,http://www.adageindia.in/,www.adageindia.in,5,0,/,10,3,0,10
5,56901,54655,-1,0,6.6,2,0,39,10,0,21,0,http://www.admarketplace.com/ampxchange,www.admarketplace.com,6.333333333,1,/ampxchange,13,3,10,13
11,78,61,3320,0,5.636363636,3,0,74,6.714285714,0,13,0,http://www.adobe.com/marketing-cloud/experience-manager/dynamic-media.html,www.adobe.com,3.666666667,7,/marketing-cloud/experience-manager/dynamic-media.html,5,3,10,10
4,503813,38847,47841,0,4.5,2,0,24,0,0,16,0,http://www.adschoom.com/,www.adschoom.com,4.666666667,0,/,8,3,0,8
4,335564,34083,20773,0,4.25,2,0,23,0,0,15,0,http://www.adspirit.de/,www.adspirit.de,4.333333333,0,/,8,3,0,8
4,190951,36597,-1,0,4.25,2,0,22,0,0,15,0,http://www.advance.net,www.advance.net,4.333333333,0,,7,3,0,7
4,124960,38805,-1,0,4.75,2,0,24,0,0,17,0,http://www.advertise.com,www.advertise.com,5,0,,9,3,0,9
4,2860,1269,-1,0,4,2,0,22,0,0,14,0,http://www.adweek.com/,www.adweek.com,4,0,/,6,3,0,6
4,5147,3557,15133,0,3.75,2,0,20,0,0,13,0,http://www.agame.com,www.agame.com,3.666666667,0,,5,3,0,5
4,418467,106079,46606,0,4.25,2,0,22,0,0,15,0,http://www.agilone.com,www.agilone.com,4.333333333,0,,7,3,0,7
5,25921,1651,32244,0,3.2,3,0,22,0,0,15,0,http://www.allen.ac.in,www.allen.ac.in,3,0,,5,4,0,5
4,62949,17978,-1,0,4,2,0,21,0,0,14,0,http://www.allyou.com,www.allyou.com,4,0,,6,3,0,6
4,125,6,-1,0,3.75,2,0,20,0,0,13,0,http://www.amazon.in,www.amazon.in,3.666666667,0,,6,3,0,6
4,2060284,-1,-1,0,4,2,0,21,0,0,14,0,http://www.apptap.com,www.apptap.com,4,0,,6,3,0,6
4,783594,30004,8612,0,4,2,0,22,0,0,14,0,http://www.ariamax.it/,www.ariamax.it,4,0,/,7,3,0,7
4,104,-1,-1,0,3.25,2,0,18,0,0,11,0,http://www.ask.com,www.ask.com,3,0,,3,3,0,4
5,5608,171,36408,0,3,3,0,22,0,0,14,0,http://www.atv.com.tr/,www.atv.com.tr,2.75,0,/,3,4,0,4
4,4503,1370,1668,0,4.5,2,0,24,0,0,16,0,http://www.autoblog.com/,www.autoblog.com,4.666666667,0,/,8,3,0,8
4,5,1,-1,0,3.75,2,0,20,0,0,13,0,http://www.baidu.com,www.baidu.com,3.666666667,0,,5,3,0,5
5,1814,53,-1,0,3.8,3,0,25,0,0,18,0,http://www.baixaki.com.br,www.baixaki.com.br,3.75,0,,7,4,0,7
4,10421,2584,-1,0,5.5,2,0,27,0,0,20,0,http://www.baltimoresun.com,www.baltimoresun.com,6,0,,12,3,0,12
4,325964,24128,23352,0,5.5,2,0,27,0,0,20,0,http://www.bansaliitjee.com,www.bansaliitjee.com,6,0,,12,3,0,12
4,4305,34,38244,0,4,2,0,21,0,0,14,0,http://www.baomoi.com,www.baomoi.com,4,0,,6,3,0,6
5,11016,3316,-1,0,4.2,2,0,27,4,0,15,0,http://www.barrons.com/asia,www.barrons.com,4.333333333,1,/asia,7,3,4,7
4,34176,5005,-1,0,3.25,2,0,18,0,0,11,0,http://www.bcci.tv,www.bcci.tv,3,0,,4,3,0,4
4,5520,1434,14320,0,3.25,2,0,18,0,0,11,0,http://www.bhg.com,www.bhg.com,3,0,,3,3,0,4
4,5615,3284,6461,0,5.25,2,0,26,0,0,19,0,http://www.bidvertiser.com,www.bidvertiser.com,5.666666667,0,,11,3,0,11
4,512,30,9583,0,4.5,2,0,23,0,0,16,0,http://www.billdesk.com,www.billdesk.com,4.666666667,0,,8,3,0,8
4,47,22,-1,0,3.5,2,0,19,0,0,12,0,http://www.bing.com,www.bing.com,3.333333333,0,,4,3,0,4
6,23576,1690,24004,0,3.5,3,0,28,0,0,21,0,http://www.bits-pilani.ac.in,www.bits-pilani.ac.in,3.4,0,,6,5,0,6
5,63390,797,7643,0,3.2,3,0,23,0,0,15,0,http://www.bkav.com.vn/,www.bkav.com.vn,3,0,/,4,4,0,4
4,53851,5680,-1,0,4,2,0,22,0,0,14,0,http://www.blinkx.com/,www.blinkx.com,4,0,/,6,3,0,6
8,74238,12628,33070,0,7.25,2,0,67,10.25,0,15,0,http://www.blogher.com/marketplace/opportunities/publishing-network,www.blogher.com,4.333333333,4,/marketplace/opportunities/publishing-network,7,3,13,13
4,3288308,-1,-1,0,6,2,0,30,0,0,22,0,http://www.bluelionsports.com/,www.bluelionsports.com,6.666666667,0,/,14,3,0,14
4,97398,21411,-1,0,4,2,0,21,0,0,14,0,http://www.boingo.com,www.boingo.com,4,0,,6,3,0,6
4,163535,18585,-1,0,4.75,2,0,24,0,0,17,0,http://www.bollywood.com,www.bollywood.com,5,0,,9,3,0,9
4,7726,1025,40009,0,6.5,2,0,31,0,0,24,0,http://www.bollywoodhungama.com,www.bollywoodhungama.com,7.333333333,0,,16,3,0,16
5,17377,111,7643,0,3.6,3,0,25,0,0,17,0,http://www.bongda.com.vn/,www.bongda.com.vn,3.5,0,/,6,4,0,6
5,493084,22898,12978,0,3.8,2,0,26,2,0,15,0,http://www.boomads.com/en/,www.boomads.com,4.333333333,1,/en/,7,3,2,7
4,3247,970,-1,0,5.25,2,0,26,0,0,19,0,http://www.bostonglobe.com,www.bostonglobe.com,5.666666667,0,,11,3,0,11
4,16836,3701,-1,0,5.5,2,0,27,0,0,20,0,http://www.bostonherald.com,www.bostonherald.com,6,0,,12,3,0,12
4,3432,1311,-1,0,5.75,2,0,29,0,0,21,0,http://www.boxofficemojo.com/,www.boxofficemojo.com,6.333333333,0,/,13,3,0,13
4,3934504,-1,-1,0,6,2,0,29,0,0,22,0,http://www.breakingburner.com,www.breakingburner.com,6.666666667,0,,14,3,0,14
4,328,59,15133,0,4.75,2,0,25,0,0,17,0,http://www.breitbart.com/,www.breitbart.com,5,0,/,9,3,0,9
5,3372,96,-1,0,3.8,3,0,25,0,0,18,-1,http://www.buscape.com.br,www.buscape.com.br,3.75,0,,7,4,0,7
4,271613,123186,-1,0,4,2,0,22,0,0,14,-1,http://www.cambio.com/,www.cambio.com,4,0,/,6,3,0,6
5,586576,23812,-1,0,3.6,3,0,24,0,0,17,-1,http://www.captify.co.uk,www.captify.co.uk,3.5,0,,7,4,0,7
4,805,23,3320,0,3,2,0,17,0,0,10,-1,http://www.cbc.ca,www.cbc.ca,2.666666667,0,,3,3,0,4
4,2062,533,6623,0,3.25,2,0,19,0,0,11,-1,http://www.cbs.com/,www.cbs.com,3,0,/,3,3,0,4
5,15347,356,-1,0,4,3,0,26,0,0,19,-1,http://www.centauro.com.br,www.centauro.com.br,4,0,,8,4,0,8
4,5331776,663931,8342,0,3,2,0,17,0,0,10,-1,http://www.cnt.my,www.cnt.my,2.666666667,0,,3,3,0,4
4,71863,14140,-1,0,5.75,2,0,28,0,0,21,-1,http://www.coastalliving.com,www.coastalliving.com,6.333333333,0,,13,3,0,13
4,30515,11979,20940,0,4.5,2,0,23,0,0,16,-1,http://www.comscore.com,www.comscore.com,4.666666667,0,,8,3,0,8
4,769109,86799,-1,0,5.75,2,0,28,0,0,21,-1,http://www.contentspread.net,www.contentspread.net,6.333333333,0,,13,3,0,13
4,3482328,-1,6650,0,6.5,2,0,32,0,0,24,-1,http://www.controlwithcable.org/,www.controlwithcable.org,7.333333333,0,/,16,3,0,16
6,73715,21350,-1,0,6.166666667,2,0,44,6,0,23,-1,http://www.conversantmedia.com/legal/privacy,www.conversantmedia.com,7,2,/legal/privacy,15,3,7,15
4,14871,4064,-1,0,5.5,2,0,28,0,0,20,-1,http://www.cookinglight.com/,www.cookinglight.com,6,0,/,12,3,0,12
4,688,12,-1,0,4.25,2,0,22,0,0,15,-1,http://www.corriere.it,www.corriere.it,4.333333333,0,,8,3,0,8
4,24989,5596,-1,0,3.5,2,0,20,0,0,12,-1,http://www.cozi.com/,www.cozi.com,3.333333333,0,/,4,3,0,4
4,11938583,-1,-1,0,4.75,2,0,24,0,0,17,-1,http://www.cpmshield.com,www.cpmshield.com,5,0,,9,3,0,9
4,569063,126376,8560,0,5.75,2,0,29,0,0,21,-1,http://www.craigslistjoe.com/,www.craigslistjoe.com,6.333333333,0,/,13,3,0,13
4,7263,3520,-1,0,5.25,2,0,26,0,0,19,-1,http://www.craveonline.com,www.craveonline.com,5.666666667,0,,11,3,0,11
4,7263,3520,-1,0,5.25,2,0,27,0,0,19,-1,http://www.craveonline.com/,www.craveonline.com,5.666666667,0,/,11,3,0,11
7,1189304,-1,24940,0,4.142857143,2,0,37,2,0,27,-1,http://www.creafi-online-media.com/en,www.creafi-online-media.com,4.6,1,/en,6,5,2,6
4,315,15,-1,0,4.5,2,0,23,0,0,16,-1,http://www.cricbuzz.com,www.cricbuzz.com,4.666666667,0,,8,3,0,8
9,5267,1735,-1,0,4.666666667,2,0,52,5.2,0,14,-1,http://www.crichd.com/watch-live-cricket-streaming-1,www.crichd.com,4,5,/watch-live-cricket-streaming-1,6,3,9,9
9,13065,408,-1,0,4.666666667,2,0,52,5.4,0,13,-1,http://www.crichd.sc/willow-cricket-live-stream-usa6,www.crichd.sc,3.666666667,5,/willow-cricket-live-stream-usa6,6,3,7,7
5,14595,639,-1,0,3.8,3,0,25,0,0,18,-1,http://www.cricket.com.au,www.cricket.com.au,3.75,0,,7,4,0,7
4,13914,5484,-1,0,4.75,2,0,25,0,0,17,-1,http://www.csmonitor.com/,www.csmonitor.com,5,0,/,9,3,0,9
8,142,87,-1,0,4.75,4,0,47,6,0,19,-1,http://www.dailymail.co.uk/indiahome/index.html,www.dailymail.co.uk,4,3,/indiahome/index.html,9,4,9,9
4,25434,6105,-1,0,5.75,2,0,28,0,0,21,-1,http://www.dallascowboys.com,www.dallascowboys.com,6.333333333,0,,13,3,0,13
4,441618,-1,37963,0,4.25,2,0,23,0,0,15,-1,http://www.ddchong.com/,www.ddchong.com,4.333333333,0,/,7,3,0,7
4,6651,1559,13768,0,5,2,0,26,0,0,18,-1,http://www.denverpost.com/,www.denverpost.com,5.333333333,0,/,10,3,0,10
4,32928,5791,19994,0,4.75,2,0,24,0,0,17,-1,http://www.dermstore.com,www.dermstore.com,5,0,,9,3,0,9
5,79884,26913,-1,0,4,2,0,27,3,0,15,-1,http://www.dianomi.com/cms/,www.dianomi.com,4.333333333,1,/cms/,7,3,3,7
4,372,234,-1,0,5,2,0,26,0,0,18,-1,http://www.dictionary.com/,www.dictionary.com,5.333333333,0,/,10,3,0,10
4,29074,7116,-1,0,5.5,2,0,28,0,0,20,-1,http://www.dishanywhere.com/,www.dishanywhere.com,6,0,/,12,3,0,12
4,3275,877,-1,0,4,2,0,22,0,0,14,-1,http://www.disney.com/,www.disney.com,4,0,/,6,3,0,6
4,11323,4468,16966,0,3.75,2,0,20,0,0,13,-1,http://www.dlink.com,www.dlink.com,3.666666667,0,,5,3,0,5
4,4400,773,-1,0,4.25,2,0,22,0,0,15,-1,http://www.dogpile.com,www.dogpile.com,4.333333333,0,,7,3,0,7
4,7465,29,-1,0,3.25,2,0,19,0,0,11,-1,http://www.ebay.at/,www.ebay.at,3,0,/,4,3,0,4
4,1554,29,-1,0,3.25,2,0,18,0,0,11,-1,http://www.ebay.ca,www.ebay.ca,3,0,,4,3,0,4
4,28885,3045,4812,0,3.25,2,0,19,0,0,11,-1,http://www.ebay.cn/,www.ebay.cn,3,0,/,4,3,0,4
5,7273,533,-1,0,3.2,3,0,23,0,0,15,-1,http://www.ebay.com.hk/,www.ebay.com.hk,3,0,/,4,4,0,4
5,37688,371,-1,0,3.2,3,0,22,0,0,15,-1,http://www.ebay.com.my,www.ebay.com.my,3,0,,4,4,0,4
6,59,10,-1,0,4,2,0,32,5,0,12,-1,http://www.ebay.com/motors/blog/,www.ebay.com,3.333333333,2,/motors/blog/,4,3,6,6
4,1632,24,-1,0,3.25,2,0,18,0,0,11,-1,http://www.ebay.es,www.ebay.es,3,0,,4,3,0,4
4,3680,20,-1,0,3.25,2,0,19,0,0,11,-1,http://www.ebay.ie/,www.ebay.ie,3,0,/,4,3,0,4
4,771,37,-1,0,3.25,2,0,18,0,0,11,-1,http://www.ebay.in,www.ebay.in,3,0,,4,3,0,4
5,60318,2062,-1,0,3.2,3,0,22,0,0,15,-1,http://www.ebit.com.br,www.ebit.com.br,3,0,,4,4,0,4
4,1546,1106,19551,0,4.75,2,0,24,0,0,17,-1,http://www.economist.com,www.economist.com,5,0,,9,3,0,9
7,36105,2252,20940,0,3.428571429,2,0,32,3.666666667,0,11,-1,http://www.efe.com/efe/english/4,www.efe.com,3,3,/efe/english/4,3,3,7,7
4,312900,-1,-1,0,6.5,2,0,32,0,0,24,-1,http://www.effectivemeasure.com/,www.effectivemeasure.com,7.333333333,0,/,16,3,0,16
4,1157702,-1,-1,0,4.25,2,0,22,0,0,15,-1,http://www.egistec.com,www.egistec.com,4.333333333,0,,7,3,0,7
4,1539049,124718,20773,0,6,2,0,30,0,0,22,-1,http://www.escinteractive.com/,www.escinteractive.com,6.666666667,0,/,14,3,0,14
6,21376,465,8137,0,3.5,3,0,29,5,0,15,-1,http://www.espn.com.au/rugby/,www.espn.com.au,3,1,/rugby/,4,4,5,5
6,118,29,8137,0,4.833333333,2,0,37,7.5,0,12,-1,http://www.espn.com/espn/citizenship/,www.espn.com,3.333333333,2,/espn/citizenship/,4,3,11,11
6,118,29,8137,0,5.166666667,2,0,38,8.5,0,12,-1,http://www.espn.com/video/sportscenter,www.espn.com,3.333333333,2,/video/sportscenter,4,3,12,12
4,13448,1469,8137,0,3.25,2,0,18,0,0,11,-1,http://www.espn.in,www.espn.in,3,0,,4,3,0,4
4,308,42,-1,0,5.5,2,0,27,0,0,20,-1,http://www.espncricinfo.com,www.espncricinfo.com,6,0,,12,3,0,12
4,288155,109220,-1,0,5.5,2,0,27,0,0,20,-1,http://www.espnfrontrow.com,www.espnfrontrow.com,6,0,,12,3,0,12
4,3236,1122,-1,0,4.25,2,0,23,0,0,15,-1,http://www.esquire.com/,www.esquire.com,4.333333333,0,/,7,3,0,7
5,3824,453,-1,0,5.4,2,0,33,8,0,17,-1,http://www.eurosport.com/football,www.eurosport.com,5,1,/football,9,3,8,9
4,161495,33300,-1,0,4.5,2,0,23,0,0,16,-1,http://www.evergage.com,www.evergage.com,4.666666667,0,,8,3,0,8
4,4455,1534,-1,0,6,2,0,29,0,0,22,-1,http://www.everydayhealth.com,www.everydayhealth.com,6.666666667,0,,14,3,0,14
4,10079,1733,14799,0,4.5,2,0,23,0,0,16,-1,http://www.experian.com,www.experian.com,4.666666667,0,,8,3,0,8
5,120445,28655,19994,0,5.6,2,0,34,4,0,22,-1,http://www.exploregeorgia.org/film,www.exploregeorgia.org,6.666666667,1,/film,14,3,4,14
4,60020,14217,-1,0,4,2,0,21,0,0,14,-1,http://www.fame10.com,www.fame10.com,4,0,,6,3,0,6
4,13935,2372,-1,0,4.5,2,0,24,0,0,16,-1,http://www.fanatics.com/,www.fanatics.com,4.666666667,0,/,8,3,0,8
5,3644,41,12978,0,3.8,3,0,26,0,0,18,-1,http://www.fanatik.com.tr/,www.fanatik.com.tr,3.75,0,/,7,4,0,7
4,7852,2017,-1,0,5.25,2,0,27,0,0,19,-1,http://www.foodandwine.com/,www.foodandwine.com,5.666666667,0,/,11,3,0,11
4,1433,377,20940,0,5.25,2,0,26,0,0,19,-1,http://www.foodnetwork.com,www.foodnetwork.com,5.666666667,0,,11,3,0,11
4,4247,1196,3320,0,5,2,0,25,0,0,18,-1,http://www.footlocker.com,www.footlocker.com,5.333333333,0,,10,3,0,10
5,9325,119,36408,0,3.8,3,0,26,0,0,18,-1,http://www.fotomac.com.tr/,www.fotomac.com.tr,3.75,0,/,7,4,0,7
4,33681,7518,-1,0,4,2,0,21,0,0,14,-1,http://www.fox5ny.com,www.fox5ny.com,4,0,,6,3,0,6
4,66667,18384,-1,0,4.75,2,0,24,0,0,17,-1,http://www.foxnewsgo.com,www.foxnewsgo.com,5,0,,9,3,0,9
6,29937,782,-1,0,4.833333333,2,0,37,0,0,21,-1,http://www.foxsportsasia.com/?ref=usa,www.foxsportsasia.com,6.333333333,0,/,13,3,0,13
5,3331,500,-1,0,4,2,0,27,2,0,16,-1,http://www.france24.com/en/,www.france24.com,4.666666667,1,/en/,8,3,2,8
4,95707,3031,49074,0,4,2,0,21,0,0,14,-1,http://www.funweek.it,www.funweek.it,4,0,,7,3,0,7
6,1793,1112,3320,0,3.333333333,2,0,28,2,0,14,-1,http://www.garmin.com/en-IN/,www.garmin.com,4,2,/en-IN/,6,3,2,6
4,5979,81,9121,0,5.25,2,0,26,0,0,19,-1,http://www.gazetevatan.com,www.gazetevatan.com,5.666666667,0,,11,3,0,11
4,1041,18,-1,0,4.25,2,0,22,0,0,15,-1,http://www.gazzetta.it,www.gazzetta.it,4.333333333,0,,8,3,0,8
4,2473,173,-1,0,5.75,2,0,28,0,0,21,-1,http://www.geeksforgeeks.org,www.geeksforgeeks.org,6.333333333,0,,13,3,0,13
4,24503,1632,-1,0,5,2,0,26,0,0,18,-1,http://www.gettyimages.in/,www.gettyimages.in,5.333333333,0,/,11,3,0,11
4,1522,23,-1,0,5.5,2,0,27,0,0,20,-1,http://www.gittigidiyor.com,www.gittigidiyor.com,6,0,,12,3,0,12
5,552,-1,-1,0,3.2,2,0,23,2,0,12,-1,http://www.goal.com/en/,www.goal.com,3.333333333,1,/en/,4,3,2,4
4,16587,4319,-1,0,3.5,2,0,20,0,0,12,-1,http://www.golf.com/,www.golf.com,3.333333333,0,/,4,3,0,4
5,367910,99402,15133,0,5.4,2,0,33,4,0,21,-1,http://www.gorillanation.com/home,www.gorillanation.com,6.333333333,1,/home,13,3,4,13
4,8692,3860,-1,0,4.25,2,0,22,0,0,15,-1,http://www.haaretz.com,www.haaretz.com,4.333333333,0,,7,3,0,7
4,619,7,197143,0,4,2,0,21,0,0,14,-1,http://www.haber7.com,www.haber7.com,4,0,,6,3,0,6
4,443,19,-1,0,4.5,2,0,23,0,0,16,-1,http://www.hdfcbank.com,www.hdfcbank.com,4.666666667,0,,8,3,0,8
4,4698,2296,-1,0,4,2,0,22,0,0,14,-1,http://www.health.com/,www.health.com,4,0,/,6,3,0,6
4,1406,22,6707,0,5.25,2,0,26,0,0,19,-1,http://www.hepsiburada.com,www.hepsiburada.com,5.666666667,0,,11,3,0,11
4,143128,35111,-1,0,5.5,2,0,27,0,0,20,-1,http://www.heraldonline.com,www.heraldonline.com,6,0,,12,3,0,12
4,3050,668,-1,0,3.5,2,0,19,0,0,12,-1,http://www.hgtv.com,www.hgtv.com,3.333333333,0,,4,3,0,4
5,868,107,-1,0,6.6,2,0,39,9,0,22,-1,http://www.hindustantimes.com/bollywood,www.hindustantimes.com,6.666666667,1,/bollywood,14,3,9,14
4,423,68,-1,0,4.75,2,0,25,0,0,17,-1,http://www.homedepot.com/,www.homedepot.com,5,0,/,9,3,0,9
4,259682,-1,559,0,3,2,0,17,0,0,10,-1,http://www.hon.ch,www.hon.ch,2.666666667,0,,3,3,0,4
8,1465886,-1,-1,0,5.375,3,0,52,6.666666667,0,22,-1,http://www.hotels-antalya.net/en/apnewsregistry.html,www.hotels-antalya.net,4.75,3,/en/apnewsregistry.html,7,4,14,14
4,181,11,3320,0,4.25,2,0,22,0,0,15,-1,http://www.hotstar.com,www.hotstar.com,4.333333333,0,,7,3,0,7
4,181,11,3320,0,4.25,2,0,23,0,0,15,-1,http://www.hotstar.com/,www.hotstar.com,4.333333333,0,/,7,3,0,7
4,26165,26233,-1,0,5.5,2,0,27,0,0,20,-1,http://www.howlifeworks.com,www.howlifeworks.com,6,0,,12,3,0,12
4,4901,194,701,0,5.75,2,0,29,0,0,21,-1,http://www.huffingtonpost.ca/,www.huffingtonpost.ca,6.333333333,0,/,14,3,0,14
